"Date","Price","Open","High","Low","Vol.","Change %"
"07/09/2025","68.63","68.04","68.69","67.98","15.02K","0.84%"
"07/08/2025","68.06","67.96","68.91","67.33","2.22K","0.19%"
"07/07/2025","67.93","65.70","68.32","65.40","332.95K","3.06%"
"07/06/2025","65.91","65.82","66.18","65.68","9.56K","-0.87%"
"07/04/2025","66.49","67.13","67.16","66.05","56.22K","-0.76%"
"07/03/2025","67.00","67.50","67.58","66.53","220.44K","-0.67%"
"07/02/2025","67.45","65.56","67.58","65.23","265.20K","3.06%"
"07/01/2025","65.45","64.96","65.98","64.67","193.16K","0.52%"
"06/30/2025","65.11","65.15","65.82","64.50","193.29K","-0.63%"
"06/27/2025","65.52","65.30","66.09","64.80","236.28K","0.43%"
"06/26/2025","65.24","64.98","66.42","64.66","233.77K","0.49%"
"06/25/2025","64.92","65.12","66.03","64.51","278.50K","0.85%"
"06/24/2025","64.37","67.74","67.83","64.00","541.48K","-6.04%"
"06/23/2025","68.51","78.00","78.40","66.60","728.87K","-8.57%"
"06/20/2025","74.93","74.60","77.58","74.30","34.05K","1.50%"
"06/19/2025","73.82","73.88","75.73","72.65","250.83K","-1.76%"
"06/18/2025","75.14","75.61","76.07","72.94","524.54K","0.40%"
"06/17/2025","74.84","71.11","75.54","71.00","154.26K","4.28%"
"06/16/2025","71.77","76.54","77.49","69.38","367.31K","0.67%"
"06/13/2025","71.29","67.50","74.63","67.11","715.81K","6.98%"
"06/12/2025","66.64","67.68","67.93","65.51","297.70K","-0.39%"
"06/11/2025","66.90","63.67","67.11","63.54","260.69K","4.68%"
"06/10/2025","63.91","64.10","65.10","63.51","207.74K","-0.48%"
"06/09/2025","64.22","63.81","64.34","63.27","137.42K","-0.56%"
"06/06/2025","64.58","63.33","64.80","62.82","310.13K","1.91%"
"06/05/2025","63.37","62.76","63.98","62.50","232.42K","0.83%"
"06/04/2025","62.85","63.36","63.96","62.17","321.13K","-0.88%"
"06/03/2025","63.41","63.02","63.89","62.40","291.26K","1.42%"
"06/02/2025","62.52","61.11","63.88","61.06","403.58K","2.85%"
"05/30/2025","60.79","60.94","61.72","59.74","384.93K","-0.25%"
"05/29/2025","60.94","61.83","63.07","60.55","299.86K","-1.46%"
"05/28/2025","61.84","61.04","62.54","60.85","260.37K","1.56%"
"05/27/2025","60.89","61.70","62.14","60.26","291.32K","-0.98%"
"05/26/2025","61.49","61.53","62.03","61.26","49.02K","-0.71%"
"05/25/2025","61.93","61.73","62.15","61.58","","0.65%"
"05/23/2025","61.53","60.81","61.88","60.02","273.39K","0.54%"
"05/22/2025","61.20","61.33","61.75","60.25","258.55K","-0.60%"
"05/21/2025","61.57","62.27","64.19","61.28","302.70K","-1.58%"
"05/20/2025","62.56","62.68","63.17","62.19","25.62K","-0.21%"
"05/19/2025","62.69","62.75","63.40","61.57","95.57K","1.16%"
"05/16/2025","61.97","61.22","62.18","60.78","250.32K","1.34%"
"05/15/2025","61.15","62.40","62.46","60.08","264.08K","-2.44%"
"05/14/2025","62.68","63.20","63.23","62.31","203.84K","-0.90%"
"05/13/2025","63.25","61.55","63.44","61.23","203.23K","2.75%"
"05/12/2025","61.56","60.97","63.13","60.56","243.29K","0.88%"
"05/09/2025","61.02","60.25","61.45","59.89","239.64K","1.85%"
"05/08/2025","59.91","57.93","60.29","57.74","281.00K","3.17%"
"05/07/2025","58.07","58.98","60.26","57.81","295.24K","-1.73%"
"05/06/2025","59.09","57.25","59.84","57.03","343.89K","3.43%"
"05/05/2025","57.13","56.76","57.70","55.30","308.39K","-1.99%"
"05/02/2025","58.29","58.99","59.87","57.74","322.10K","-1.60%"
"05/01/2025","59.24","58.16","59.50","56.39","364.22K","1.77%"
"04/30/2025","58.21","60.16","60.43","57.91","419.55K","-3.66%"
"04/29/2025","60.42","61.87","62.07","60.12","312.37K","-2.63%"
"04/28/2025","62.05","63.49","63.92","61.48","276.12K","-1.54%"
"04/25/2025","63.02","62.86","63.41","61.80","283.76K","0.37%"
"04/24/2025","62.79","62.34","63.31","61.99","264.91K","0.84%"
"04/23/2025","62.27","64.00","64.87","61.53","397.84K","-3.17%"
"04/22/2025","64.31","63.43","65.09","63.43","34.95K","1.95%"
"04/21/2025","63.08","64.30","64.42","62.45","82.67K","-2.47%"
"04/17/2025","64.68","62.63","64.86","62.61","111.48K","3.54%"
"04/16/2025","62.47","61.54","62.98","60.44","213.19K","2.83%"
"04/15/2025","60.75","61.09","61.57","60.38","206.48K","-0.49%"
"04/14/2025","61.05","61.15","62.07","60.12","224.09K","-0.73%"
"04/11/2025","61.50","60.20","61.87","59.43","306.23K","2.38%"
"04/10/2025","60.07","62.71","63.34","58.76","391.83K","-3.66%"
"04/09/2025","62.35","58.32","62.93","55.12","592.25K","4.65%"
"04/08/2025","59.58","61.03","61.75","57.88","557.66K","-1.85%"
"04/07/2025","60.70","61.12","63.90","58.95","597.62K","-2.08%"
"04/04/2025","61.99","66.64","66.90","60.45","559.64K","-7.41%"
"04/03/2025","66.95","70.38","70.41","65.98","459.24K","-6.64%"
"04/02/2025","71.71","71.20","72.28","70.59","286.50K","0.72%"
"04/01/2025","71.20","71.39","72.10","71.03","272.83K","-0.39%"
"03/31/2025","71.48","69.43","71.83","68.81","313.09K","3.06%"
"03/28/2025","69.36","69.91","70.09","68.87","246.65K","-0.80%"
"03/27/2025","69.92","69.96","69.97","69.12","211.83K","0.39%"
"03/26/2025","69.65","69.16","70.22","69.06","262.41K","0.94%"
"03/25/2025","69.00","69.16","69.68","68.52","258.41K","-0.16%"
"03/24/2025","69.11","68.35","69.33","67.95","247.02K","1.22%"
"03/21/2025","68.28","68.35","68.65","67.65","198.96K","0.03%"
"03/20/2025","68.26","67.29","68.47","66.88","25.12K","1.64%"
"03/19/2025","67.16","66.72","67.63","66.21","73.08K","0.39%"
"03/18/2025","66.90","67.40","68.72","66.56","110.34K","-0.70%"
"03/17/2025","67.37","67.10","68.10","67.01","210.19K","0.69%"
"03/14/2025","66.91","66.48","67.19","66.33","161.84K","0.97%"
"03/13/2025","66.27","67.38","67.65","66.08","212.01K","-1.65%"
"03/12/2025","67.38","66.31","67.53","65.83","175.05K","2.20%"
"03/11/2025","65.93","65.60","66.79","65.00","134.71K","0.38%"
"03/10/2025","65.68","66.78","67.24","65.45","173.46K","-2.03%"
"03/07/2025","67.04","66.34","68.22","66.12","329.71K","1.02%"
"03/06/2025","66.36","66.39","67.09","65.59","341.63K","0.08%"
"03/05/2025","66.31","68.08","68.10","65.22","382.49K","-2.86%"
"03/04/2025","68.26","68.46","68.56","66.77","386.75K","-0.16%"
"03/03/2025","68.37","69.95","70.60","67.89","332.75K","-1.99%"
"02/28/2025","69.76","70.17","70.29","69.14","250.07K","-0.84%"
"02/27/2025","70.35","68.82","70.54","68.61","265.93K","2.52%"
"02/26/2025","68.62","69.11","69.28","68.36","255.60K","-0.45%"
"02/25/2025","68.93","70.92","71.26","68.68","267.31K","-2.50%"
"02/24/2025","70.70","69.80","70.94","69.80","205.47K","0.43%"
"02/21/2025","70.40","72.58","72.77","70.17","268.47K","-2.99%"
"02/20/2025","72.57","72.18","73.25","71.85","26.71K","0.44%"
"02/19/2025","72.25","71.78","73.04","71.71","69.01K","0.56%"
"02/18/2025","71.85","70.70","72.07","70.12","130.94K","1.61%"
"02/14/2025","70.71","71.38","71.88","70.50","213.47K","-0.60%"
"02/13/2025","71.14","71.08","71.46","70.16","220.02K","-0.14%"
"02/12/2025","71.24","72.98","73.00","71.03","221.77K","-2.52%"
"02/11/2025","73.08","72.11","73.33","72.00","195.49K","1.49%"
"02/10/2025","72.01","70.77","72.20","70.61","160.44K","1.42%"
"02/07/2025","71.00","70.56","71.41","70.47","273.77K","0.55%"
"02/06/2025","70.61","71.18","71.85","70.43","299.04K","-0.59%"
"02/05/2025","71.03","72.76","72.97","70.96","289.90K","-2.30%"
"02/04/2025","72.70","72.35","73.35","70.67","452.96K","-0.63%"
"02/03/2025","73.16","74.14","75.18","72.05","517.85K","0.87%"
"01/31/2025","72.53","73.20","73.84","71.94","376.34K","-0.27%"
"01/30/2025","72.73","73.00","73.84","72.02","336.48K","0.15%"
"01/29/2025","72.62","73.95","74.08","72.33","312.73K","-1.56%"
"01/28/2025","73.77","73.15","74.31","72.93","326.08K","0.82%"
"01/27/2025","73.17","74.54","75.15","72.38","334.42K","-2.00%"
"01/24/2025","74.66","74.30","75.21","74.01","319.68K","0.05%"
"01/23/2025","74.62","75.39","76.00","74.14","350.69K","-1.09%"
"01/22/2025","75.44","75.88","76.45","75.28","315.33K","-0.59%"
"01/21/2025","75.89","78.19","78.47","75.49","28.41K","-2.56%"
"01/17/2025","77.88","78.75","79.44","77.76","112.41K","-1.02%"
"01/16/2025","78.68","80.40","80.59","77.87","159.95K","-0.04%"
"01/15/2025","78.71","76.84","79.39","76.16","355.67K","3.06%"
"01/14/2025","76.37","77.24","77.51","76.20","338.20K","-1.20%"
"01/13/2025","77.30","75.68","77.64","75.67","493.44K","2.05%"
"01/10/2025","75.75","73.57","76.89","73.33","448.29K","3.43%"
"01/09/2025","73.24","72.66","73.61","72.20","162.00K","0.78%"
"01/08/2025","72.67","73.81","74.44","72.51","261.48K","-1.22%"
"01/07/2025","73.57","72.81","73.82","72.51","188.74K","0.89%"
"01/06/2025","72.92","73.31","74.18","72.54","221.84K","-0.40%"
"01/03/2025","73.21","72.46","73.50","72.10","220.66K","0.98%"
"01/02/2025","72.50","71.45","73.12","71.31","182.49K","1.75%"
"12/31/2024","71.25","70.69","71.52","70.43","63.63K","1.02%"
"12/30/2024","70.53","70.00","71.05","69.75","93.10K","0.50%"
"12/27/2024","70.18","69.27","70.32","69.06","79.13K","1.37%"
"12/26/2024","69.23","69.72","70.25","68.94","69.64K","-0.59%"
"12/24/2024","69.64","69.04","69.94","68.95","40.39K","1.21%"
"12/23/2024","68.81","68.97","69.50","68.22","90.95K","-0.30%"
"12/20/2024","69.02","68.83","69.38","68.05","114.62K","-0.52%"
"12/19/2024","69.38","69.60","70.58","69.10","291.66K","-0.91%"
"12/18/2024","70.02","69.82","70.80","69.39","326.61K","0.53%"
"12/17/2024","69.65","70.23","70.54","68.81","280.90K","-0.91%"
"12/16/2024","70.29","71.00","71.00","69.98","210.75K","-0.75%"
"12/13/2024","70.82","69.64","70.94","69.51","201.26K","1.67%"
"12/12/2024","69.66","69.97","70.27","68.74","231.02K","-0.30%"
"12/11/2024","69.87","68.15","70.08","68.12","231.68K","2.34%"
"12/10/2024","68.27","67.86","68.72","67.45","157.46K","0.26%"
"12/09/2024","68.09","66.93","68.59","66.85","176.71K","1.66%"
"12/06/2024","66.98","68.08","68.13","66.71","207.12K","-1.44%"
"12/05/2024","67.96","68.38","68.77","67.66","129.14K","-0.34%"
"12/04/2024","68.19","69.58","70.11","68.14","141.67K","-1.94%"
"12/03/2024","69.54","67.89","69.83","67.65","134.42K","2.51%"
"12/02/2024","67.84","67.77","68.83","67.44","95.00K","0.18%"
"11/29/2024","67.72","68.39","69.32","67.60","106.39K","-0.92%"
"11/27/2024","68.35","68.57","69.01","67.81","87.85K","-0.13%"
"11/26/2024","68.44","68.70","69.91","67.73","98.59K","-0.20%"
"11/25/2024","68.58","70.96","70.96","68.36","146.70K","-3.09%"
"11/22/2024","70.77","69.85","71.02","68.96","209.42K","1.43%"
"11/21/2024","69.77","68.83","70.09","68.62","131.44K","1.48%"
"11/20/2024","68.75","69.28","69.96","68.64","235.64K","-0.71%"
"11/19/2024","69.24","69.08","69.74","68.48","349.70K","0.10%"
"11/18/2024","69.17","66.77","69.37","66.53","300.55K","3.36%"
"11/15/2024","66.92","68.45","68.51","66.71","200.77K","-2.35%"
"11/14/2024","68.53","67.97","69.24","67.77","176.09K","0.40%"
"11/13/2024","68.26","67.82","68.69","66.80","254.21K","0.43%"
"11/12/2024","67.97","68.04","68.97","67.65","181.18K","0.07%"
"11/11/2024","67.92","69.99","70.30","67.79","215.31K","-3.12%"
"11/08/2024","70.11","71.80","71.87","69.67","211.74K","-2.57%"
"11/07/2024","71.96","71.41","72.41","70.27","187.30K","1.01%"
"11/06/2024","71.24","71.57","72.18","69.35","158.53K","-0.45%"
"11/05/2024","71.56","71.17","72.20","70.86","108.65K","0.75%"
"11/04/2024","71.03","69.87","71.36","69.84","108.26K","2.82%"
"11/01/2024","69.08","69.96","70.95","68.90","110.38K","0.39%"
"10/31/2024","68.81","68.65","70.31","67.87","109.20K","0.92%"
"10/30/2024","68.18","66.97","68.73","66.88","92.73K","2.05%"
"10/29/2024","66.81","67.63","68.09","66.32","93.13K","-0.25%"
"10/28/2024","66.98","68.58","68.60","66.59","141.39K","-6.12%"
"10/25/2024","71.35","70.02","71.52","69.63","99.41K","2.16%"
"10/24/2024","69.84","70.62","71.87","69.41","83.73K","-0.75%"
"10/23/2024","70.37","70.94","71.29","69.76","119.31K","-1.91%"
"10/22/2024","71.74","69.96","72.09","69.35","330.46K","2.43%"
"10/21/2024","70.04","68.94","70.39","68.46","302.75K","1.97%"
"10/18/2024","68.69","70.17","70.67","68.17","335.56K","-2.00%"
"10/17/2024","70.09","70.11","70.53","68.89","228.84K","0.39%"
"10/16/2024","69.82","70.39","70.69","69.12","181.55K","-0.27%"
"10/15/2024","70.01","71.14","71.57","69.20","244.86K","-4.41%"
"10/14/2024","73.24","74.26","74.35","71.24","174.47K","-2.15%"
"10/11/2024","74.85","75.00","75.28","73.85","217.34K","-0.35%"
"10/10/2024","75.11","72.73","75.45","72.62","206.39K","3.47%"
"10/09/2024","72.59","73.27","73.82","71.00","228.02K","-0.53%"
"10/08/2024","72.98","76.63","77.70","72.12","329.53K","-4.56%"
"10/07/2024","76.47","73.76","76.70","73.01","257.21K","3.79%"
"10/04/2024","73.68","73.35","74.84","72.94","262.04K","0.70%"
"10/03/2024","73.17","70.49","73.51","70.08","275.08K","4.99%"
"10/02/2024","69.69","70.30","71.95","69.45","241.14K","0.43%"
"10/01/2024","69.39","68.05","71.36","65.99","353.03K","2.39%"
"09/30/2024","67.77","68.08","68.83","67.14","189.29K","0.15%"
"09/27/2024","67.67","66.95","68.13","66.58","169.90K","0.71%"
"09/26/2024","67.19","69.30","69.47","66.49","274.69K","-2.81%"
"09/25/2024","69.13","70.84","71.04","68.69","272.17K","-2.41%"
"09/24/2024","70.84","69.96","71.60","69.69","167.02K","1.77%"
"09/23/2024","69.61","70.43","70.94","68.73","185.35K","-1.96%"
"09/20/2024","71.00","71.18","71.45","70.37","307.00K","-0.22%"
"09/19/2024","71.16","69.15","71.53","69.13","354.93K","1.83%"
"09/18/2024","69.88","69.98","70.31","68.58","367.19K","-0.11%"
"09/17/2024","69.96","69.35","70.65","68.51","289.93K","1.36%"
"09/16/2024","69.02","68.22","69.61","67.70","235.88K","1.87%"
"09/13/2024","67.75","68.35","69.35","67.58","230.30K","-0.59%"
"09/12/2024","68.15","66.68","68.93","66.55","221.59K","2.33%"
"09/11/2024","66.60","65.73","67.14","64.99","237.20K","2.24%"
"09/10/2024","65.14","67.97","68.30","64.61","257.97K","-4.08%"
"09/09/2024","67.91","67.42","68.14","66.61","163.36K","1.39%"
"09/06/2024","66.98","68.66","69.41","66.51","165.62K","-2.22%"
"09/05/2024","68.50","68.52","70.01","68.13","210.22K","-0.03%"
"09/04/2024","68.52","69.54","70.61","68.16","235.03K","-1.54%"
"09/03/2024","69.59","72.64","73.35","69.37","231.78K","-5.68%"
"09/02/2024","73.78","73.00","74.39","72.89","","1.10%"
"09/01/2024","72.98","73.33","73.42","72.97","","0.45%"
"08/30/2024","72.65","74.69","75.31","72.46","210.33K","-2.71%"
"08/29/2024","74.67","73.31","75.51","72.92","224.37K","1.67%"
"08/28/2024","73.44","74.71","74.88","72.92","131.59K","-1.37%"
"08/27/2024","74.46","75.93","76.21","74.34","154.88K","-2.24%"
"08/26/2024","76.17","74.13","76.40","74.08","209.30K","3.03%"
"08/23/2024","73.93","72.21","74.17","72.12","131.32K","2.28%"
"08/22/2024","72.28","71.36","72.77","71.00","143.77K","1.37%"
"08/21/2024","71.30","72.42","73.39","70.88","178.98K","-2.56%"
"08/20/2024","73.17","73.74","74.38","72.54","329.28K","-0.67%"
"08/19/2024","73.66","75.47","75.73","73.45","422.10K","-2.49%"
"08/16/2024","75.54","76.81","76.98","74.52","317.68K","-1.88%"
"08/15/2024","76.99","76.07","77.38","75.70","237.54K","1.52%"
"08/14/2024","75.84","77.10","77.52","75.66","344.94K","-1.25%"
"08/13/2024","76.80","78.09","78.43","76.65","283.20K","-2.12%"
"08/12/2024","78.46","75.62","78.54","75.44","244.98K","3.77%"
"08/09/2024","75.61","74.86","75.79","74.70","143.83K","0.76%"
"08/08/2024","75.04","74.37","75.27","73.53","205.55K","1.17%"
"08/07/2024","74.17","72.00","74.73","71.75","215.90K","2.53%"
"08/06/2024","72.34","73.14","73.77","71.46","175.21K","0.19%"
"08/05/2024","72.20","73.26","73.53","70.88","228.05K","-0.54%"
"08/02/2024","72.59","75.89","76.30","72.12","216.86K","-3.73%"
"08/01/2024","75.40","77.47","77.72","75.32","182.47K","-1.87%"
"07/31/2024","76.84","74.37","77.54","74.27","239.72K","4.01%"
"07/30/2024","73.88","74.87","74.92","73.73","229.37K","-1.23%"
"07/29/2024","74.80","76.02","76.52","74.34","178.81K","-1.58%"
"07/26/2024","76.00","77.18","77.41","75.08","161.41K","-1.44%"
"07/25/2024","77.11","76.43","77.28","75.05","224.03K","0.69%"
"07/24/2024","76.58","76.35","77.08","75.93","184.20K","0.87%"
"07/23/2024","75.92","77.15","77.63","75.45","191.99K","-3.16%"
"07/22/2024","78.40","78.95","79.13","77.55","345.24K","-0.31%"
"07/19/2024","78.64","80.88","81.34","78.59","427.06K","-3.27%"
"07/18/2024","81.30","81.68","82.27","80.61","398.37K","-0.17%"
"07/17/2024","81.44","79.82","81.63","79.43","419.58K","2.17%"
"07/16/2024","79.71","80.85","80.87","79.22","272.20K","-1.40%"
"07/15/2024","80.84","80.96","81.35","80.36","216.42K","-0.22%"
"07/12/2024","81.02","81.55","82.29","80.91","276.67K","-0.44%"
"07/11/2024","81.38","81.35","81.83","80.60","205.10K","0.38%"
"07/10/2024","81.07","80.92","81.60","79.95","193.21K","0.63%"
"07/09/2024","80.56","81.45","81.65","80.42","166.79K","-1.18%"
"07/08/2024","81.52","82.36","82.50","81.29","143.02K","-0.90%"
"07/05/2024","82.26","82.75","83.58","82.19","168.80K","-2.00%"
"07/04/2024","83.94","83.61","84.20","83.03","","1.11%"
"07/03/2024","83.02","82.25","83.07","81.59","156.73K","1.36%"
"07/02/2024","81.91","82.39","83.22","81.83","225.17K","-0.50%"
"07/01/2024","82.32","80.56","82.58","80.49","214.49K","2.08%"
"06/28/2024","80.64","80.96","81.78","80.15","110.62K","-0.24%"
"06/27/2024","80.83","80.14","81.21","79.81","158.90K","0.80%"
"06/26/2024","80.19","79.97","80.85","79.50","147.98K","0.15%"
"06/25/2024","80.07","80.97","81.12","79.80","173.57K","-0.98%"
"06/24/2024","80.86","79.77","80.99","79.52","158.61K","1.13%"
"06/21/2024","79.96","80.44","80.94","79.59","163.22K","-1.64%"
"06/20/2024","81.29","80.75","81.52","80.30","420.50K","0.87%"
"06/19/2024","80.59","80.78","81.16","80.31","","-0.15%"
"06/18/2024","80.71","79.92","80.85","79.17","485.71K","1.24%"
"06/17/2024","79.72","78.12","80.01","77.58","402.74K","2.14%"
"06/14/2024","78.05","77.65","78.80","77.42","316.38K","-0.27%"
"06/13/2024","78.26","78.01","78.54","77.35","301.73K","0.14%"
"06/12/2024","78.15","77.80","78.94","77.56","209.18K","0.77%"
"06/11/2024","77.55","77.65","77.99","76.86","202.57K","0.28%"
"06/10/2024","77.33","74.97","77.85","74.94","181.84K","2.81%"
"06/07/2024","75.22","75.38","75.90","74.93","139.59K","-0.03%"
"06/06/2024","75.24","74.03","75.47","73.82","145.06K","1.92%"
"06/05/2024","73.82","72.72","74.07","72.69","159.60K","1.04%"
"06/04/2024","73.06","73.89","73.99","72.44","209.68K","-1.39%"
"06/03/2024","74.09","76.73","77.23","73.84","219.93K","-3.44%"
"05/31/2024","76.73","77.50","78.27","76.37","157.56K","-1.04%"
"05/30/2024","77.54","78.87","78.97","77.30","176.67K","-1.60%"
"05/29/2024","78.80","79.78","80.11","78.57","123.48K","-0.69%"
"05/28/2024","79.35","77.36","79.79","77.24","121.48K","0.89%"
"05/27/2024","78.65","77.84","78.80","77.75","","1.84%"
"05/24/2024","77.23","76.62","77.55","75.75","139.52K","1.01%"
"05/23/2024","76.46","76.90","78.21","76.03","125.72K","-0.89%"
"05/22/2024","77.15","77.90","78.03","76.85","139.45K","-1.92%"
"05/21/2024","78.66","79.23","79.30","77.65","371.67K","-0.81%"
"05/20/2024","79.30","79.58","80.11","78.67","342.09K","-0.35%"
"05/17/2024","79.58","78.92","79.66","78.58","321.03K","1.07%"
"05/16/2024","78.74","78.36","79.30","77.75","277.25K","0.74%"
"05/15/2024","78.16","78.03","78.43","76.36","299.56K","0.66%"
"05/14/2024","77.65","78.72","78.86","77.26","259.53K","-1.21%"
"05/13/2024","78.60","77.76","78.99","77.35","200.28K","0.98%"
"05/10/2024","77.84","79.11","79.47","77.73","164.35K","-1.22%"
"05/09/2024","78.80","78.79","79.32","78.46","184.46K","0.31%"
"05/08/2024","78.56","77.96","78.80","76.63","228.44K","0.64%"
"05/07/2024","78.06","78.39","78.80","77.29","192.57K","-0.10%"
"05/06/2024","78.14","77.88","78.68","77.56","152.59K","0.49%"
"05/03/2024","77.76","78.61","79.17","77.62","217.26K","-0.92%"
"05/02/2024","78.48","78.60","79.34","77.91","174.67K","0.05%"
"05/01/2024","78.44","80.86","80.90","78.28","235.28K","-3.49%"
"04/30/2024","81.28","82.16","82.65","80.34","233.66K","-0.91%"
"04/29/2024","82.03","82.99","83.19","81.81","170.81K","-1.32%"
"04/26/2024","83.13","82.97","83.63","82.59","98.78K","0.46%"
"04/25/2024","82.75","82.09","83.00","81.27","132.56K","0.80%"
"04/24/2024","82.09","82.60","82.90","81.71","142.45K","-0.57%"
"04/23/2024","82.56","81.43","82.62","80.25","172.23K","0.81%"
"04/22/2024","81.90","81.84","82.29","80.70","313.91K","-0.39%"
"04/19/2024","82.22","81.99","85.64","81.13","556.46K","0.15%"
"04/18/2024","82.10","82.28","82.84","81.06","366.75K","-0.06%"
"04/17/2024","82.15","84.82","84.97","82.01","387.63K","-3.16%"
"04/16/2024","84.83","85.16","85.60","84.22","217.44K","-0.04%"
"04/15/2024","84.86","84.99","85.50","83.49","253.34K","-0.26%"
"04/12/2024","85.08","85.00","86.97","84.67","245.33K","0.75%"
"04/11/2024","84.45","85.60","85.89","84.25","249.97K","-1.16%"
"04/10/2024","85.44","84.57","85.60","83.86","233.96K","1.16%"
"04/09/2024","84.46","85.69","86.07","84.29","198.56K","-1.25%"
"04/08/2024","85.53","85.19","86.21","83.93","207.99K","-0.66%"
"04/05/2024","86.10","85.98","86.83","85.62","211.84K","0.34%"
"04/04/2024","85.81","84.82","86.41","83.94","218.70K","1.42%"
"04/03/2024","84.61","84.54","85.27","83.99","190.90K","0.46%"
"04/02/2024","84.22","83.14","84.56","82.96","197.83K","1.69%"
"04/01/2024","82.82","82.36","83.46","81.84","199.89K","0.49%"
"03/28/2024","82.42","81.11","82.46","80.91","148.49K","2.03%"
"03/27/2024","80.78","80.71","81.12","79.99","109.07K","-0.32%"
"03/26/2024","81.04","81.44","81.77","80.63","118.75K","-0.42%"
"03/25/2024","81.38","80.40","81.84","80.13","153.14K","1.51%"
"03/22/2024","80.17","80.39","80.97","79.99","103.44K","-0.58%"
"03/21/2024","80.64","81.00","81.38","79.91","115.75K","-0.78%"
"03/20/2024","81.27","82.53","82.65","80.83","351.16K","-1.76%"
"03/19/2024","82.73","82.21","83.12","81.81","341.70K","0.69%"
"03/18/2024","82.16","80.58","82.50","80.56","323.92K","1.96%"
"03/15/2024","80.58","80.58","80.89","80.01","215.80K","-0.20%"
"03/14/2024","80.74","79.24","81.03","79.15","248.80K","1.82%"
"03/13/2024","79.30","77.72","79.46","77.31","209.24K","2.65%"
"03/12/2024","77.25","77.71","78.31","77.01","178.80K","-0.36%"
"03/11/2024","77.53","77.24","78.03","76.43","175.74K","0.04%"
"03/08/2024","77.50","78.77","79.29","77.05","175.73K","-1.05%"
"03/07/2024","78.32","78.41","78.89","77.47","215.58K","-0.11%"
"03/06/2024","78.41","77.44","79.69","77.25","200.04K","1.29%"
"03/05/2024","77.41","78.19","78.64","77.05","220.43K","-0.97%"
"03/04/2024","78.17","79.24","79.53","77.93","154.86K","-1.16%"
"03/01/2024","79.09","77.49","79.87","77.30","175.93K","2.12%"
"02/29/2024","77.45","77.50","78.35","77.20","154.80K","-0.49%"
"02/28/2024","77.83","77.88","78.83","77.17","142.99K","-0.51%"
"02/27/2024","78.23","77.11","78.33","76.67","98.88K","1.48%"
"02/26/2024","77.09","76.04","77.55","75.50","117.05K","1.33%"
"02/23/2024","76.08","77.71","77.74","75.89","134.05K","-2.37%"
"02/22/2024","77.93","77.46","78.17","76.62","145.39K","0.80%"
"02/21/2024","77.31","76.74","77.45","75.95","133.71K","0.35%"
"02/20/2024","77.04","78.34","78.56","76.80","435.24K","-1.37%"
"02/19/2024","78.11","78.16","78.56","77.64","","-0.45%"
"02/16/2024","78.46","77.63","78.52","76.69","451.36K","1.12%"
"02/15/2024","77.59","76.33","78.07","75.52","342.33K","1.61%"
"02/14/2024","76.36","77.48","78.43","76.12","276.33K","-1.55%"
"02/13/2024","77.56","76.90","78.10","76.77","253.50K","0.96%"
"02/12/2024","76.82","76.54","77.00","75.49","169.64K","0.07%"
"02/09/2024","76.77","76.32","77.17","75.88","172.00K","0.76%"
"02/08/2024","76.19","74.12","76.49","73.65","229.89K","3.08%"
"02/07/2024","73.91","73.53","74.25","73.29","133.42K","0.74%"
"02/06/2024","73.37","72.81","73.88","72.48","123.62K","0.71%"
"02/05/2024","72.85","72.70","73.30","71.49","151.30K","0.76%"
"02/02/2024","72.30","73.90","74.46","71.84","216.06K","-2.02%"
"02/01/2024","73.79","75.54","76.75","73.68","238.84K","-2.54%"
"01/31/2024","75.71","77.66","77.91","75.38","104.94K","-2.50%"
"01/30/2024","77.65","76.75","77.95","75.73","118.71K","1.28%"
"01/29/2024","76.67","78.72","79.09","76.30","103.54K","-1.53%"
"01/26/2024","77.86","77.10","78.09","75.92","135.88K","0.87%"
"01/25/2024","77.19","75.30","77.32","75.05","89.28K","2.95%"
"01/24/2024","74.98","74.47","75.70","73.85","100.36K","0.96%"
"01/23/2024","74.27","74.62","75.10","73.35","107.72K","-0.66%"
"01/22/2024","74.76","73.60","75.46","72.56","372.28K","2.06%"
"01/19/2024","73.25","73.92","74.63","72.99","360.03K","-0.95%"
"01/18/2024","73.95","72.73","74.19","72.10","396.28K","2.03%"
"01/17/2024","72.48","72.11","72.86","70.62","348.48K","-0.06%"
"01/16/2024","72.52","72.73","73.68","71.39","312.94K","-0.37%"
"01/15/2024","72.79","72.69","73.09","71.41","","0.00%"
"01/12/2024","72.79","73.16","75.28","72.48","244.20K","0.97%"
"01/11/2024","72.09","71.35","73.81","71.24","240.34K","0.91%"
"01/10/2024","71.44","72.20","73.55","71.09","198.04K","-1.18%"
"01/09/2024","72.29","70.92","72.99","70.63","204.37K","1.93%"
"01/08/2024","70.92","73.60","73.98","70.25","193.27K","-3.98%"
"01/05/2024","73.86","72.51","74.30","72.35","164.95K","2.07%"
"01/04/2024","72.36","73.20","74.12","71.24","144.60K","-0.73%"
"01/03/2024","72.89","70.77","73.36","69.56","129.06K","3.21%"
"01/02/2024","70.62","71.90","73.80","70.32","108.52K","-1.88%"
"01/01/2024","71.97","71.67","72.24","71.67","","0.18%"
"12/29/2023","71.84","72.15","72.80","71.47","63.48K","-0.18%"
"12/28/2023","71.97","74.04","74.62","71.92","94.29K","-3.19%"
"12/27/2023","74.34","75.57","75.81","74.01","80.38K","-1.81%"
"12/26/2023","75.71","73.74","76.31","73.32","56.76K","2.60%"
"12/25/2023","73.79","73.49","73.94","73.48","","0.08%"
"12/22/2023","73.73","74.07","75.11","73.55","76.79K","-0.45%"
"12/21/2023","74.06","73.99","74.78","72.65","81.11K","-0.52%"
"12/20/2023","74.45","74.31","75.56","73.87","98.97K","0.69%"
"12/19/2023","73.94","72.93","74.45","72.14","230.04K","1.54%"
"12/18/2023","72.82","72.05","74.61","70.99","354.89K","1.45%"
"12/15/2023","71.78","71.91","72.56","70.64","262.87K","-0.18%"
"12/14/2023","71.91","70.08","72.73","69.82","224.16K","3.14%"
"12/13/2023","69.72","68.99","70.15","67.98","185.24K","1.26%"
"12/12/2023","68.85","71.67","72.20","68.49","189.45K","-3.79%"
"12/11/2023","71.56","71.36","72.03","70.61","119.85K","0.17%"
"12/08/2023","71.44","70.00","71.81","69.75","124.73K","2.66%"
"12/07/2023","69.59","69.57","70.70","69.08","144.37K","-0.09%"
"12/06/2023","69.65","72.33","72.84","69.39","183.91K","-3.97%"
"12/05/2023","72.53","73.59","74.34","72.24","142.71K","-1.08%"
"12/04/2023","73.32","74.76","75.20","72.87","158.42K","-1.25%"
"12/01/2023","74.25","75.71","76.81","74.13","127.63K","-2.37%"
"11/30/2023","76.05","77.79","79.67","75.16","209.44K","-2.49%"
"11/29/2023","77.99","76.67","78.18","75.87","112.41K","1.83%"
"11/28/2023","76.59","75.32","77.13","74.88","121.44K","2.00%"
"11/27/2023","75.09","75.57","76.42","74.35","84.35K","-0.90%"
"11/24/2023","75.77","76.94","77.25","75.32","74.98K","-0.75%"
"11/23/2023","76.34","76.69","76.81","75.31","","-1.18%"
"11/22/2023","77.25","77.92","78.11","73.98","99.86K","-0.86%"
"11/21/2023","77.92","77.69","78.04","77.04","69.05K","0.12%"
"11/20/2023","77.83","75.80","78.46","75.41","270.64K","2.35%"
"11/17/2023","76.04","73.11","76.19","72.91","368.48K","4.04%"
"11/16/2023","73.09","76.71","76.80","72.37","428.82K","-4.82%"
"11/15/2023","76.79","78.10","78.69","76.45","253.17K","-1.77%"
"11/14/2023","78.17","78.48","79.65","77.73","166.18K","-0.03%"
"11/13/2023","78.19","77.18","78.54","76.19","157.42K","1.35%"
"11/10/2023","77.15","75.65","77.71","75.36","159.39K","1.85%"
"11/09/2023","75.75","75.63","77.12","75.18","172.86K","0.58%"
"11/08/2023","75.31","77.03","77.43","74.92","219.20K","-2.46%"
"11/07/2023","77.21","80.69","80.79","76.99","198.96K","-4.21%"
"11/06/2023","80.60","80.76","81.90","80.33","131.58K","0.46%"
"11/03/2023","80.23","82.25","83.20","79.84","213.05K","-2.35%"
"11/02/2023","82.16","80.44","82.44","80.01","158.21K","2.57%"
"11/01/2023","80.10","80.98","82.82","79.96","160.14K","-0.50%"
"10/31/2023","80.50","81.96","82.77","80.26","135.89K","-1.44%"
"10/30/2023","81.68","84.25","84.39","81.16","119.75K","-3.57%"
"10/27/2023","84.70","82.88","85.00","82.41","101.15K","2.62%"
"10/26/2023","82.54","84.58","84.85","81.97","107.55K","-2.54%"
"10/25/2023","84.69","82.99","84.85","81.44","141.32K","2.07%"
"10/24/2023","82.97","85.05","85.22","82.16","136.15K","-1.72%"
"10/23/2023","84.42","86.69","87.00","84.30","101.18K","-4.16%"
"10/20/2023","88.08","89.09","89.85","87.53","311.92K","-0.33%"
"10/19/2023","88.37","87.22","89.54","85.44","384.03K","1.26%"
"10/18/2023","87.27","86.41","88.57","86.25","384.53K","2.14%"
"10/17/2023","85.44","85.69","86.44","84.39","229.52K","0.21%"
"10/16/2023","85.26","86.37","86.94","85.00","205.58K","-1.26%"
"10/13/2023","86.35","82.27","86.51","82.17","290.38K","5.56%"
"10/12/2023","81.80","81.84","83.75","81.31","296.21K","-0.33%"
"10/11/2023","82.07","84.16","84.72","81.63","286.84K","-2.45%"
"10/10/2023","84.13","84.70","84.94","83.39","246.75K","-0.56%"
"10/09/2023","84.60","83.20","85.56","82.95","246.68K","4.08%"
"10/06/2023","81.28","81.05","81.69","80.20","277.71K","0.58%"
"10/05/2023","80.81","82.85","83.23","80.61","234.18K","-2.11%"
"10/04/2023","82.55","87.44","87.76","82.50","217.23K","-5.59%"
"10/03/2023","87.44","87.01","88.25","86.17","204.06K","0.31%"
"10/02/2023","87.17","88.83","89.89","86.83","161.57K","-1.84%"
"09/29/2023","88.80","89.70","90.96","88.45","156.93K","-0.88%"
"09/28/2023","89.59","91.44","92.48","89.31","226.83K","-1.87%"
"09/27/2023","91.30","88.92","91.73","88.80","293.27K","2.84%"
"09/26/2023","88.78","88.30","89.09","86.74","137.24K","0.69%"
"09/25/2023","88.17","88.83","89.07","87.52","161.52K","-0.20%"
"09/22/2023","88.35","88.27","89.65","87.82","253.89K","0.03%"
"09/21/2023","88.32","88.07","89.50","87.15","162.03K","-1.49%"
"09/20/2023","89.66","90.63","91.07","88.97","457.85K","-0.91%"
"09/19/2023","90.48","90.97","92.43","90.31","537.52K","-0.11%"
"09/18/2023","90.58","90.41","91.36","89.91","414.19K","0.62%"
"09/15/2023","90.02","90.07","90.56","88.65","321.84K","0.46%"
"09/14/2023","89.61","88.19","90.20","88.04","257.68K","1.97%"
"09/13/2023","87.88","88.07","88.92","87.66","250.86K","-0.32%"
"09/12/2023","88.16","86.62","88.62","86.58","217.68K","1.73%"
"09/11/2023","86.66","86.74","87.49","86.12","179.00K","-0.17%"
"09/08/2023","86.81","86.01","87.20","85.49","125.62K","0.77%"
"09/07/2023","86.15","86.80","86.99","85.68","111.07K","-0.74%"
"09/06/2023","86.79","86.02","87.27","85.31","135.35K","0.91%"
"09/05/2023","86.01","85.19","87.25","84.29","154.05K","0.22%"
"09/04/2023","85.82","85.85","86.14","85.28","","-0.03%"
"09/03/2023","85.85","86.06","86.06","85.73","","1.30%"
"09/01/2023","84.75","82.90","85.19","82.78","169.83K","2.16%"
"08/31/2023","82.96","81.14","83.02","81.00","150.23K","2.27%"
"08/30/2023","81.12","80.78","81.54","80.43","80.26K","0.55%"
"08/29/2023","80.68","79.55","80.91","78.94","88.15K","1.27%"
"08/28/2023","79.67","79.69","80.44","79.25","71.33K","0.23%"
"08/25/2023","79.49","78.49","79.98","77.82","165.22K","1.06%"
"08/24/2023","78.66","78.30","78.95","77.32","149.90K","0.09%"
"08/23/2023","78.59","79.35","79.60","77.34","127.19K","-1.32%"
"08/22/2023","79.64","80.25","80.37","79.46","287.49K","-0.60%"
"08/21/2023","80.12","80.76","81.75","79.97","361.84K","-0.67%"
"08/18/2023","80.66","79.58","80.97","79.02","377.45K","0.95%"
"08/17/2023","79.90","78.91","80.61","78.60","239.17K","1.11%"
"08/16/2023","79.02","80.74","80.97","78.68","237.71K","-1.84%"
"08/15/2023","80.50","81.98","82.33","79.95","198.94K","-1.73%"
"08/14/2023","81.92","82.46","82.51","81.19","126.69K","-0.79%"
"08/11/2023","82.57","82.33","83.16","81.75","174.30K","0.34%"
"08/10/2023","82.29","83.51","84.16","82.04","166.86K","-1.67%"
"08/09/2023","83.69","82.34","83.91","82.11","279.75K","1.61%"
"08/08/2023","82.36","82.04","82.52","79.52","187.84K","1.07%"
"08/07/2023","81.49","82.27","82.73","81.08","123.01K","-0.95%"
"08/04/2023","82.27","81.22","82.66","81.04","108.12K","1.47%"
"08/03/2023","81.08","79.40","81.40","78.33","150.29K","2.46%"
"08/02/2023","79.13","81.54","81.95","78.68","135.80K","-2.21%"
"08/01/2023","80.92","81.25","81.74","80.17","105.36K","-0.49%"
"07/31/2023","81.32","80.23","81.50","79.72","92.51K","1.42%"
"07/28/2023","80.18","79.33","80.29","78.67","101.33K","0.69%"
"07/27/2023","79.63","78.49","80.08","78.47","138.78K","1.57%"
"07/26/2023","78.40","78.88","79.31","78.17","112.97K","-1.01%"
"07/25/2023","79.20","78.47","79.46","77.93","122.79K","1.02%"
"07/24/2023","78.40","76.62","78.89","76.16","109.57K","2.11%"
"07/21/2023","76.78","75.45","76.98","75.45","106.73K","1.49%"
"07/20/2023","75.65","75.33","76.15","74.52","340.96K","0.48%"
"07/19/2023","75.29","75.75","76.87","75.02","385.60K","-0.49%"
"07/18/2023","75.66","74.08","75.90","73.82","388.37K","2.13%"
"07/17/2023","74.08","74.88","76.00","73.78","248.26K","-1.65%"
"07/14/2023","75.32","77.02","77.11","75.06","204.78K","-1.88%"
"07/13/2023","76.76","75.64","77.15","75.23","297.92K","1.62%"
"07/12/2023","75.54","74.70","75.94","74.53","251.40K","1.11%"
"07/11/2023","74.71","73.13","74.82","72.94","193.29K","2.41%"
"07/10/2023","72.95","73.76","74.06","72.63","143.74K","-1.11%"
"07/07/2023","73.77","71.85","73.82","71.22","178.32K","2.76%"
"07/06/2023","71.79","71.85","72.37","70.28","217.75K","-0.13%"
"07/05/2023","71.88","70.25","72.25","70.03","214.79K","1.15%"
"07/04/2023","71.06","70.08","71.34","69.91","","1.64%"
"07/03/2023","69.91","70.61","71.88","69.82","107.16K","-1.23%"
"06/30/2023","70.78","69.95","71.17","69.69","136.64K","1.09%"
"06/29/2023","70.02","69.37","70.73","69.11","106.17K","0.42%"
"06/28/2023","69.73","68.20","69.90","67.27","159.54K","2.70%"
"06/27/2023","67.90","69.63","70.29","67.71","170.46K","-2.36%"
"06/26/2023","69.54","69.93","70.24","68.88","94.21K","0.32%"
"06/23/2023","69.32","69.66","69.77","67.52","113.92K","-0.45%"
"06/22/2023","69.63","72.40","72.62","69.07","234.79K","-3.99%"
"06/21/2023","72.52","70.86","72.69","70.80","97.51K","1.87%"
"06/20/2023","71.19","71.69","72.38","69.76","430.49K","-0.17%"
"06/19/2023","71.31","71.47","72.25","70.83","","-0.22%"
"06/18/2023","71.47","71.59","71.67","71.42","","-0.64%"
"06/16/2023","71.93","70.81","72.03","70.18","297.84K","1.58%"
"06/15/2023","70.81","68.92","71.15","68.14","262.83K","3.43%"
"06/14/2023","68.46","69.51","70.64","68.26","212.22K","-1.61%"
"06/13/2023","69.58","67.45","69.97","67.31","253.16K","3.40%"
"06/12/2023","67.29","70.42","70.49","66.96","223.62K","-4.32%"
"06/09/2023","70.33","71.11","71.93","70.26","160.29K","-1.55%"
"06/08/2023","71.44","72.57","73.37","69.21","236.21K","-1.65%"
"06/07/2023","72.64","71.70","73.29","71.14","109.56K","1.10%"
"06/06/2023","71.85","72.09","72.42","70.29","118.29K","-0.57%"
"06/05/2023","72.26","75.10","75.70","71.85","148.98K","0.58%"
"06/02/2023","71.84","70.25","72.24","70.10","110.94K","2.34%"
"06/01/2023","70.20","67.81","71.14","67.67","135.27K","2.87%"
"05/31/2023","68.24","69.67","69.81","67.21","157.34K","-1.95%"
"05/30/2023","69.60","73.22","73.62","69.16","117.50K","-4.49%"
"05/29/2023","72.87","73.22","73.55","72.05","","-0.48%"
"05/28/2023","73.22","73.11","73.45","73.06","","0.63%"
"05/26/2023","72.76","71.99","73.12","71.59","77.58K","1.15%"
"05/25/2023","71.93","74.18","74.34","71.03","154.73K","-3.18%"
"05/24/2023","74.29","73.68","74.65","73.09","121.83K","1.98%"
"05/23/2023","72.85","72.00","73.72","71.63","92.34K","1.11%"
"05/22/2023","72.05","71.87","72.53","70.67","263.98K","0.50%"
"05/19/2023","71.69","72.06","73.58","71.18","312.43K","-0.35%"
"05/18/2023","71.94","72.82","72.97","71.52","239.92K","-1.30%"
"05/17/2023","72.89","70.60","73.30","70.05","219.09K","2.89%"
"05/16/2023","70.84","71.28","71.76","70.44","153.07K","-0.35%"
"05/15/2023","71.09","70.02","71.67","69.39","159.52K","1.53%"
"05/12/2023","70.02","71.47","71.74","69.93","115.90K","-1.21%"
"05/11/2023","70.88","72.54","73.47","70.65","172.29K","-2.26%"
"05/10/2023","72.52","73.48","73.81","71.78","172.14K","-1.49%"
"05/09/2023","73.62","72.72","73.69","71.28","135.29K","0.75%"
"05/08/2023","73.07","71.27","73.56","70.96","125.43K","2.53%"
"05/05/2023","71.27","68.63","71.72","68.46","115.12K","4.03%"
"05/04/2023","68.51","68.27","69.76","63.90","160.32K","-0.06%"
"05/03/2023","68.55","71.43","71.67","67.90","188.01K","-4.19%"
"05/02/2023","71.55","75.55","75.96","71.32","152.45K","-5.24%"
"05/01/2023","75.51","76.47","76.49","74.40","64.06K","-1.44%"
"04/28/2023","76.61","74.71","76.74","73.80","111.02K","2.72%"
"04/27/2023","74.58","74.30","75.12","73.88","125.42K","0.53%"
"04/26/2023","74.19","76.93","77.70","73.94","180.08K","-3.49%"
"04/25/2023","76.87","78.55","78.90","76.33","134.66K","-2.20%"
"04/24/2023","78.60","77.82","79.00","76.57","103.04K","1.15%"
"04/21/2023","77.71","76.85","78.14","76.49","109.19K","0.44%"
"04/20/2023","77.37","79.03","79.07","76.97","361.41K","-2.36%"
"04/19/2023","79.24","80.96","81.24","78.53","350.78K","-2.05%"
"04/18/2023","80.90","81.00","81.52","79.91","311.78K","0.09%"
"04/17/2023","80.83","82.42","82.62","80.46","229.97K","-1.94%"
"04/14/2023","82.43","82.30","82.99","81.64","205.48K","0.48%"
"04/13/2023","82.04","83.07","83.27","82.00","155.56K","-1.26%"
"04/12/2023","83.09","81.38","83.38","81.21","220.62K","1.96%"
"04/11/2023","81.49","79.87","81.55","79.40","158.75K","2.16%"
"04/10/2023","79.77","80.50","81.19","79.65","120.66K","-1.13%"
"04/06/2023","80.68","80.45","80.97","79.69","103.59K","0.06%"
"04/05/2023","80.63","81.01","81.25","79.75","109.75K","-0.11%"
"04/04/2023","80.72","80.49","81.81","79.64","148.22K","0.35%"
"04/03/2023","80.44","80.60","81.77","79.04","287.98K","6.12%"
"03/31/2023","75.80","74.44","75.83","73.89","125.24K","1.76%"
"03/30/2023","74.49","73.07","74.72","72.76","99.83K","1.87%"
"03/29/2023","73.12","73.74","74.48","72.92","133.99K","-0.30%"
"03/28/2023","73.34","72.93","74.04","72.33","138.51K","0.56%"
"03/27/2023","72.93","69.75","73.20","69.27","125.01K","5.07%"
"03/24/2023","69.41","69.67","70.53","67.02","153.65K","-1.01%"
"03/23/2023","70.12","70.07","71.79","69.30","166.52K","-1.27%"
"03/22/2023","71.02","69.57","71.43","69.03","148.11K","1.94%"
"03/21/2023","69.67","67.83","69.77","66.90","409.50K","2.73%"
"03/20/2023","67.82","66.90","67.90","64.36","418.54K","1.33%"
"03/17/2023","66.93","68.47","69.83","65.38","482.49K","-2.32%"
"03/16/2023","68.52","68.38","69.53","65.89","251.50K","1.15%"
"03/15/2023","67.74","71.69","72.71","65.79","356.42K","-5.25%"
"03/14/2023","71.49","74.77","75.02","70.94","216.69K","-4.57%"
"03/13/2023","74.91","76.77","77.56","72.44","167.40K","-2.44%"
"03/10/2023","76.78","75.78","77.20","74.92","143.19K","1.24%"
"03/09/2023","75.84","76.65","78.17","75.57","147.72K","-1.26%"
"03/08/2023","76.81","77.36","77.88","76.26","136.03K","-1.17%"
"03/07/2023","77.72","80.59","81.04","77.18","163.00K","-3.53%"
"03/06/2023","80.56","80.04","80.72","78.44","80.13K","0.97%"
"03/03/2023","79.79","78.02","80.00","76.00","99.09K","1.89%"
"03/02/2023","78.31","77.90","78.72","77.39","61.37K","0.62%"
"03/01/2023","77.83","76.93","78.00","76.30","104.50K","0.83%"
"02/28/2023","77.19","75.87","77.93","75.68","88.93K","1.82%"
"02/27/2023","75.81","76.61","76.95","75.14","79.74K","-0.86%"
"02/24/2023","76.47","75.85","76.75","74.30","101.33K","1.15%"
"02/23/2023","75.60","74.19","76.17","74.07","99.17K","1.90%"
"02/22/2023","74.19","76.29","76.72","74.05","98.82K","-2.84%"
"02/21/2023","76.36","76.64","77.74","75.90","402.35K","-1.22%"
"02/20/2023","77.30","76.69","77.74","76.33","","0.82%"
"02/19/2023","76.67","76.69","76.82","76.53","","0.16%"
"02/17/2023","76.55","78.35","78.50","75.32","343.63K","-2.78%"
"02/16/2023","78.74","78.68","79.76","78.18","204.09K","-0.11%"
"02/15/2023","78.83","79.04","79.37","77.47","150.59K","-0.52%"
"02/14/2023","79.24","79.50","79.84","77.71","192.27K","-1.36%"
"02/13/2023","80.33","80.05","80.78","78.67","155.59K","0.51%"
"02/10/2023","79.92","77.81","80.50","77.68","151.98K","2.11%"
"02/09/2023","78.27","78.69","79.04","76.76","132.72K","-0.53%"
"02/08/2023","78.69","77.70","78.78","77.32","155.18K","1.68%"
"02/07/2023","77.39","74.83","77.82","74.71","186.67K","3.92%"
"02/06/2023","74.47","73.64","74.87","72.64","120.92K","0.99%"
"02/03/2023","73.74","76.25","78.28","73.47","126.22K","-3.23%"
"02/02/2023","76.20","77.06","77.54","75.30","94.84K","-0.69%"
"02/01/2023","76.73","79.35","80.01","76.37","113.87K","-3.08%"
"01/31/2023","79.17","78.19","79.53","76.85","88.38K","1.27%"
"01/30/2023","78.18","80.12","80.78","77.96","101.70K","-2.23%"
"01/27/2023","79.96","81.44","82.69","79.32","123.92K","-1.62%"
"01/26/2023","81.28","80.44","82.38","80.21","98.18K","1.04%"
"01/25/2023","80.44","80.44","81.50","79.77","101.06K","0.00%"
"01/24/2023","80.44","81.94","82.51","79.98","93.04K","-1.82%"
"01/23/2023","81.93","82.12","82.89","81.32","104.29K","0.36%"
"01/20/2023","81.64","80.84","81.91","79.91","300.15K","1.28%"
"01/19/2023","80.61","79.43","81.49","78.45","321.13K","1.02%"
"01/18/2023","79.80","81.34","82.66","79.21","326.23K","-0.81%"
"01/17/2023","80.45","80.34","81.51","78.80","267.91K","1.78%"
"01/16/2023","79.04","79.78","79.92","78.80","","-0.93%"
"01/15/2023","79.78","80.17","80.19","79.78","","-0.41%"
"01/13/2023","80.11","78.58","80.37","78.23","189.32K","1.86%"
"01/12/2023","78.65","77.90","79.37","77.35","188.06K","1.25%"
"01/11/2023","77.68","75.06","78.06","74.56","179.83K","3.06%"
"01/10/2023","75.37","75.16","76.16","74.16","164.98K","0.60%"
"01/09/2023","74.92","73.87","76.97","73.79","154.20K","1.19%"
"01/06/2023","74.04","74.18","75.71","73.52","95.22K","0.16%"
"01/05/2023","73.92","73.51","75.15","72.74","112.45K","1.12%"
"01/04/2023","73.10","77.41","77.62","73.01","149.77K","-5.21%"
"01/03/2023","77.12","80.66","81.62","76.81","139.84K","-4.16%"
"01/02/2023","80.47","80.57","80.61","80.18","","0.02%"
"12/30/2022","80.45","78.75","80.81","77.85","72.81K","2.48%"
"12/29/2022","78.50","79.01","79.01","76.94","53.32K","-0.73%"
"12/28/2022","79.08","80.02","80.02","77.45","62.68K","-0.70%"
"12/27/2022","79.64","79.99","81.21","79.28","67.69K","-1.64%"
"12/26/2022","80.97","79.92","81.06","79.92","","1.67%"
"12/23/2022","79.64","78.14","80.19","77.87","79.46K","2.87%"
"12/22/2022","77.42","78.28","79.77","77.01","62.70K","-1.05%"
"12/21/2022","78.24","76.00","78.56","75.81","65.19K","2.64%"
"12/20/2022","76.23","75.77","76.96","74.46","254.79K","1.13%"
"12/19/2022","75.38","74.62","76.64","74.03","257.46K","1.24%"
"12/16/2022","74.46","76.33","76.58","73.40","271.86K","-2.22%"
"12/15/2022","76.15","77.40","77.83","75.41","188.50K","-1.50%"
"12/14/2022","77.31","75.22","77.76","74.96","185.52K","2.48%"
"12/13/2022","75.44","73.43","76.30","73.33","190.74K","2.95%"
"12/12/2022","73.28","72.02","74.00","70.48","148.97K","2.91%"
"12/09/2022","71.21","71.92","73.00","70.31","146.59K","-0.52%"
"12/08/2022","71.58","72.65","75.19","71.27","245.39K","-0.97%"
"12/07/2022","72.28","74.73","75.53","72.06","148.54K","-2.93%"
"12/06/2022","74.46","77.46","78.05","73.62","120.67K","-3.40%"
"12/05/2022","77.08","80.03","82.75","76.92","105.02K","-3.71%"
"12/02/2022","80.05","81.35","82.12","79.73","96.43K","-1.34%"
"12/01/2022","81.14","80.61","83.27","80.07","116.20K","0.60%"
"11/30/2022","80.66","78.98","81.41","78.48","90.29K","3.04%"
"11/29/2022","78.28","76.66","79.73","76.40","109.11K","1.23%"
"11/28/2022","77.33","76.19","77.89","73.77","132.62K","1.18%"
"11/25/2022","76.43","77.57","79.92","76.37","59.52K","-1.95%"
"11/24/2022","77.95","77.53","78.19","76.92","","-0.15%"
"11/23/2022","78.07","80.86","81.70","76.95","120.39K","-3.29%"
"11/22/2022","80.73","80.14","82.03","79.74","85.20K","0.86%"
"11/21/2022","80.04","80.26","80.50","75.27","475.10K","-0.09%"
"11/18/2022","80.11","81.86","82.43","77.59","480.54K","-1.58%"
"11/17/2022","81.40","84.98","84.98","81.19","390.06K","-4.24%"
"11/16/2022","85.00","86.23","86.90","83.67","191.29K","-1.45%"
"11/15/2022","86.25","84.62","88.05","83.54","239.60K","1.28%"
"11/14/2022","85.16","88.24","89.03","84.51","183.53K","-3.40%"
"11/11/2022","88.16","85.40","89.20","85.36","154.79K","2.92%"
"11/10/2022","85.66","84.96","86.49","83.90","160.49K","0.78%"
"11/09/2022","85.00","87.73","88.26","84.69","200.28K","-3.41%"
"11/08/2022","88.00","90.82","91.10","87.63","162.91K","-3.01%"
"11/07/2022","90.73","90.50","92.53","89.31","143.34K","-0.79%"
"11/04/2022","91.45","86.92","91.67","86.84","104.87K","4.90%"
"11/03/2022","87.18","88.32","88.53","86.55","80.43K","-1.89%"
"11/02/2022","88.86","87.42","89.14","86.60","86.74K","1.92%"
"11/01/2022","87.19","85.20","88.27","84.85","81.92K","2.10%"
"10/31/2022","85.40","87.06","87.36","84.16","81.40K","-1.40%"
"10/28/2022","86.61","87.41","87.51","85.86","78.71K","-1.39%"
"10/27/2022","87.83","87.06","88.45","86.12","110.53K","1.33%"
"10/26/2022","86.68","84.03","87.17","83.17","80.03K","2.81%"
"10/25/2022","84.31","83.93","85.00","82.14","77.80K","0.86%"
"10/24/2022","83.59","84.05","84.80","81.61","58.38K","-0.43%"
"10/21/2022","83.95","83.78","84.64","82.05","83.09K","-0.66%"
"10/20/2022","84.51","84.91","87.14","84.16","338.34K","-0.01%"
"10/19/2022","84.52","82.91","85.02","81.72","357.72K","2.99%"
"10/18/2022","82.07","84.80","85.53","81.30","367.50K","-2.91%"
"10/17/2022","84.53","84.63","86.18","83.70","174.19K","-0.14%"
"10/14/2022","84.65","88.15","88.52","84.22","161.13K","-3.75%"
"10/13/2022","87.95","86.01","88.38","84.43","185.66K","2.20%"
"10/12/2022","86.06","87.25","88.66","85.05","211.34K","-2.17%"
"10/11/2022","87.97","89.75","90.15","86.59","187.52K","-2.08%"
"10/10/2022","89.84","92.23","92.34","89.29","156.09K","-1.65%"
"10/07/2022","91.35","88.12","92.00","87.15","242.27K","4.29%"
"10/06/2022","87.59","87.12","88.20","86.15","108.49K","0.86%"
"10/05/2022","86.84","85.30","87.42","84.53","160.03K","1.57%"
"10/04/2022","85.50","82.57","85.98","82.33","156.00K","3.39%"
"10/03/2022","82.70","80.29","83.61","80.19","135.99K","5.06%"
"09/30/2022","78.72","80.86","81.72","78.36","95.34K","-2.11%"
"09/29/2022","80.42","81.00","81.99","79.45","127.46K","-1.01%"
"09/28/2022","81.24","77.38","81.40","75.84","156.31K","4.41%"
"09/27/2022","77.81","75.90","78.92","75.88","123.82K","2.14%"
"09/26/2022","76.18","78.75","79.76","75.70","106.23K","-2.65%"
"09/23/2022","78.25","83.15","83.45","77.64","143.23K","-5.76%"
"09/22/2022","83.03","82.54","85.44","81.89","121.08K","0.73%"
"09/21/2022","82.43","83.60","85.99","82.00","144.13K","-1.80%"
"09/20/2022","83.94","85.02","86.12","83.01","279.81K","-1.66%"
"09/19/2022","85.36","84.81","85.88","81.73","262.90K","0.71%"
"09/16/2022","84.76","84.66","86.18","83.86","231.14K","0.13%"
"09/15/2022","84.65","88.70","88.70","84.09","182.29K","-3.86%"
"09/14/2022","88.05","87.24","89.63","85.75","208.02K","1.34%"
"09/13/2022","86.89","87.82","88.90","84.66","183.48K","-0.59%"
"09/12/2022","87.41","85.84","88.64","84.78","133.78K","1.22%"
"09/09/2022","86.36","82.30","86.68","82.23","139.12K","3.96%"
"09/08/2022","83.07","81.57","83.72","80.89","131.42K","1.76%"
"09/07/2022","81.63","86.53","87.33","81.18","123.25K","-5.64%"
"09/06/2022","86.51","86.49","89.99","85.88","104.66K","-2.75%"
"09/05/2022","88.96","88.27","90.37","87.98","","0.80%"
"09/04/2022","88.25","86.91","88.28","86.91","","2.05%"
"09/02/2022","86.48","85.99","89.15","85.93","81.80K","0.30%"
"09/01/2022","86.22","88.31","89.10","85.62","85.18K","-3.16%"
"08/31/2022","89.03","91.85","92.26","87.92","99.45K","-2.35%"
"08/30/2022","91.17","95.80","96.82","90.06","120.37K","-5.22%"
"08/29/2022","96.19","92.28","96.46","91.66","85.04K","4.11%"
"08/26/2022","92.39","92.68","93.62","90.69","100.62K","0.22%"
"08/25/2022","92.19","94.82","95.30","91.95","81.50K","-2.34%"
"08/24/2022","94.40","93.23","94.92","92.36","92.60K","1.23%"
"08/23/2022","93.25","90.10","93.65","90.10","92.18K","3.20%"
"08/22/2022","90.36","89.63","91.03","86.28","352.67K","-0.09%"